Sources,Targets,Victim Accuracy,Victim WM Success Rate,Extracted Accuracy,Extracted WM Success Rate,Baseline Accuracy,Baseline WM Success Rate
[0, 1],[2, 3],0.9827302638441324,[1.0, 1.0, 0.0, 0.0],0.978515625,[0.5014204545454546, 0.020419034090909092, 0.31107954545454547, 0.0008877840909090909],0.9892064146697521,[0.017045454545454544, 0.002840909090909091, 0.017045454545454544, 0.001953125]
[0, 1],[2, 4],0.9792351964861155,[0.9989346590909091, 0.9991122159090909, 0.0008877840909090909, 0.0001775568181818182],0.9797491785138845,[0.2176846590909091, 0.05433238636363636, 0.1338778409090909, 0.3346946022727273],0.9892064146697521,[0.01171875, 0.006214488636363636, 0.01171875, 0.007279829545454545]
[0, 1],[2, 6],0.9783100336790085,[1.0, 1.0, 0.0, 0.0],0.9802631586790085,[0.35298295454545453, 0.1514559659090909, 0.21253551136363635, 0.028053977272727272],0.9892064146697521,[0.01953125, 0.06143465909090909, 0.01953125, 0.03639914772727273]
[0, 1],[2, 7],0.9811883214861155,[1.0, 1.0, 0.0, 0.0],0.9798519741743803,[0.5284090909090909, 0.057173295454545456, 0.3352272727272727, 0.3547585227272727],0.9892064146697521,[0.006392045454545455, 0.018465909090909092, 0.006392045454545455, 0.03249289772727273]